zip;city
10000;Praha
10100;Praha
10200;Praha
10300;Praha
10400;Praha
10600;Praha
10700;Praha
10800;Praha
10900;Praha
11000;Praha
11101;Praha
11800;Praha
11900;Praha
12000;Praha
12800;Praha
13000;Praha
14000;Praha
14100;Praha
14200;Praha
14300;Praha
14700;Praha
14800;Praha
14900;Praha
15000;Praha
15200;Praha
15300;Praha
15400;Praha
15500;Praha
15521;Praha
15531;Praha
15600;Praha
15800;Praha
15900;Praha
16000;Praha
16100;Praha
16200;Praha
16300;Praha
16400;Praha
16500;Praha
16900;Praha
17000;Praha
17100;Praha
18000;Praha
18100;Praha
18200;Praha
18400;Praha
18600;Praha
19000;Praha
19011;Praha
19012;Praha
19014;Praha
19015;Praha
19016;Praha
19017;Praha
19300;Praha
19600;Praha
19700;Praha
19800;Praha
19900;Praha
25001;Brandıs nad Labem-Stará Boleslav
25063;Èakovièky
25064;Hovorèovice
25065;Baš
25066;Zdiby
25067;Klecany
25068;Husinec
25069;Vodochody
25070;Odolena Voda
25072;Kojetice
25073;Jenštejn
25074;Radonice
25075;Káranı
25081;Nehvizdy
25082;Dobroèovice
25083;Škvorec
25084;Køenice
25087;Vyšehoøovice
25088;Èelákovice
25089;Láznì Toušeò
25090;Jirny
25091;Jenštejn
25092;Šestajovice
25101;Babice
25162;Louòovice
25163;Stranèice
25164;Mnichovice
25165;Kalištì
25166;Hrusice
25167;Øehenice
25168;Øehenice
25169;Velké Popovice
25202;Jílovištì
25203;Líšnice
25204;Èisovice
25205;Bratøínov
25206;Bojanovice
25207;Štìchovice
25208;Buš
25209;Hradištko
25210;Èisovice
25216;Nuèice
25217;Chınice
25218;Ptice
25219;Chrášany
25225;Dobøíè
25226;Èernošice
25228;Èernošice
25229;Dobøichovice
25230;Lety
25231;Všenory
25241;Dolní Bøeany
25242;Jesenice
25243;Prùhonice
25244;Psáry
25245;Bøezová-Oleško
25246;Dolní Bøeany
25250;Vestec
25261;Dobrovíz
25262;Statenice
25263;Roztoky
25264;Svrkynì
25265;Holubice
25266;Libèice nad Vltavou
25267;Tuchomìøice
25268;Èíèovice
25281;Petrov
25282;Kamennı Pøívoz
25301;Hostivice
25303;Chınì
25401;Petrov
25601;Benešov
25701;Postupice
25703;Jankov
25705;Zvìstov
25706;Zvìstov
25708;Pravonín
25709;Pravonín
25721;Bukovany
25722;Vranov
25723;Pøestavlky u Èerèan
25724;Ostøedek
25726;Bílkovice
25728;Chotıšany
25741;Lešany
25742;Tınec nad Sázavou
25744;Neveklov
25751;Maršovice
25753;Olbramovice
25755;Vrchotovy Janovice
25756;Neveklov
25763;Soutice
25764;Zdislavice
25765;Loket
25766;Køivsoudov
25768;Loket
25771;Soutice
25786;Neustupov
25787;Støezimíø
25788;Èervenı Újezd
25789;Heømanièky
25791;Sedlec-Prèice
25801;Vlašim
25901;Votice
26101;Pøíbram
26202;Dobøíš
26203;Borotice
26204;Malá Hraštice
26205;Bojanovice
26206;Korkynì
26211;Rosovice
26212;Oboøištì
26213;Neèín
26214;Høimìdice
26215;Borotice
26221;Obecnice
26222;Hluboš
26223;Jince
26225;Pièín
26231;Bohostice
26232;Peèice
26241;Bohutín
26242;Bezdìkov pod Tøemšínem
26243;Vìšín
26244;Hvoïany
26251;Dublovice
26252;Vysokı Chlumec
26255;Petrovice
26256;Svatı Jan
26261;Višòová
26262;Dolní Hbity
26263;Bohostice
26272;Bøeznice
26281;Tochovice
26284;Kozárovice
26285;Drahenice
26291;Kosova Hora
26293;Nalovice
26301;Neèín
26401;Vysokı Chlumec
26601;Beroun
26701;Suchomasty
26703;Hudlice
26705;Nibor
26706;Hıskov
26707;Chyòava
26711;Vrá
26712;Chrustenice
26716;Vysokı Újezd
26717;Moøina
26718;Bubovice
26721;Tmaò
26722;Suchomasty
26723;Lhotka
26724;Bìštín
26725;Osov
26726;Všeradice
26727;Liteò
26728;Svinaøe
26729;Zadní Tøebaò
26741;Kublov
26742;Broumy
26743;Bzová
26751;Bavorynì
26753;ebrák
26754;Praskolesy
26761;Cerhovice
26762;Chaloupky
26763;Zajeèov
26764;Olešná
26801;Felbabka
26901;Pavlíkov
27001;Chrášany
27002;Kolešovice
27004;Hoøovièky
27006;Janov
27007;Mutìjovice
27008;Høedle
27009;Krupá
27021;Pavlíkov
27023;Branov
27024;Raèice
27031;Senomaty
27032;Oráèov
27033;Jesenice
27034;Šípy
27035;Senomaty
27036;Lubná
27041;Hracholusky
27042;Skryje
27051;Luná
27052;Lišany
27053;Krušovice
27054;Bdín
27055;Pochvalov
27061;Lány
27062;Rynholec
27064;Mšecké ehrovice
27065;Srbeè
27101;Lány
27201;Kladno
27203;Kladno
27204;Kladno
27301;Kamenné ehrovice
27302;Tuchlovice
27303;Stochov
27304;Stochov
27305;Ledce
27306;Hrdlív
27307;Vinaøice
27308;Pchery
27309;Kladno
27321;Hobšovice
27322;Hospozín
27323;Èernuc
27324;Èernuc
27325;iice
27326;Kamennı Most
27327;Otvovice
27328;Blevice
27329;Koleè
27341;Brandısek
27342;Døetovice
27343;Zájezd
27345;Høebeè
27351;Braškov
27353;Bìloky
27354;Lidice
27361;Velká Dobrá
27362;Bratronice
27363;Bìleè
27364;Doksy
27371;Beøovice
27372;Jarpice
27373;Vranı
27374;Bílichov
27375;Kutrovice
27376;Pozdeò
27377;Malíkovice
27378;Jedomìlice
27379;Tuøany
27401;Slanı
27601;Hoøín
27701;Dolní Beøkovice
27703;Horní Poèaply
27704;Cítov
27705;Jevinìves
27706;Luec nad Vltavou
27707;Vraòany
27708;Ledèice
27711;Neratovice
27713;Kostelec nad Labem
27714;Borek
27715;Tišice
27716;Všetaty
27721;Medonosy
27723;Kokoøín
27724;Vysoká
27731;Lhotka
27732;Byšice
27733;Øepín
27734;Støemy
27735;Nosálov
27736;Lobeè
27737;Chorušice
27738;Mìlnické Vtelno
27741;Kly
27742;Obøíství
27743;Chlumín
27744;Všestudy
27745;Vojkovice
27746;Veltrusy
27751;Nelahozeves
27752;Nová Ves
27801;Chvatìruby
28002;Bìlušice
28101;Velim
28102;Cerhenice
28103;Chotutice
28104;Plaòany
28106;Vitice
28107;Svojšice
28121;Èervené Peèky
28123;Starı Kolín
28125;Konárovice
28126;ielice
28127;Krakovany
28128;Radovesnice II
28129;ielice
28130;Ohaøe
28141;Ratboø
28143;Beèváry
28144;Koøenice
28146;Horní Kruty
28151;Velkı Osek
28161;Kouøim
28162;Oleška
28163;Barchovice
28166;Jevany
28167;Støíbrná Skalice
28171;Rostoklaty
28201;Bøeany II
28401;Malešov
28403;Kutná Hora
28404;Kutná Hora
28501;Miskovice
28502;Suchdol
28504;Nepomìøice
28506;Sázava
28507;Rataje nad Sázavou
28509;Kácov
28510;Èestín
28511;Nepomìøice
28521;Zbraslavice
28522;Bohdaneè
28523;Vlastìjovice
28525;Bohdaneè
28531;Nové Dvory
28532;Hlízov
28533;Církvice
28541;Malešov
28542;Èervené Janovice
28543;Pabìnice
28545;Kluky
28546;Úmonín
28547;Køesetice
28561;leby
28562;Hostovlice
28563;Potìhy
28564;Vlkaneè
28565;Zbıšov
28571;Vrdy
28572;Bílé Podolí
28573;Horušice
28574;Záboøí nad Labem
28575;ehušice
28576;Chotusice
28601;Adamov
28802;Budimìøice
28901;Dymokury
28902;Chroustov
28903;Dlouhopolsko
28904;Kolaje
28905;Choovice
28906;Opolany
28907;Opolany
28908;Bìrunice
28911;Dobøichov
28912;Hradištko
28913;Nymburk
28914;Chrást
28915;Bøíství
28916;Pøerov nad Labem
28917;Semice
28921;Kostomlátky
28922;Lysá nad Labem
28923;Milovice
28924;Milovice
28925;Èilec
28926;Stará Lysá
28931;Bobnice
28932;Hrubı Jeseník
28933;Køinec
28934;Chotìšice
28935;Košík
28936;Mcely
28937;Louèeò
28941;Pòov-Pøedhradí
29001;Choánky
29301;Mladá Boleslav
29306;Bradlec
29307;Hrdloøezy
29401;Bakov nad Jizerou
29402;Brane
29403;Obruby
29404;Dolní Bousov
29405;Dlouhá Lhota
29406;Bøezno
29411;ïár
29412;ïár
29413;Chocnìjovice
29414;Jivina
29415;Klášter Hradištì nad Jizerou
29421;Bìlá pod Bezdìzem
29423;Èistá
29424;Bøezovice
29425;Bìlá pod Bezdìzem
29426;Boreè
29427;Velké Všelisy
29428;Chotìtov
29429;Bezno
29430;Nimìøice
29431;Jizerní Vtelno
29441;Dobrovice
29442;Smilovice
29443;Vlkava
29445;Charvatce
29446;Ctimìøice
29447;Ledce
29448;Domousnice
29471;Benátky nad Jizerou
29473;Brodce
29474;Hlavenec
29475;Sojovice
29476;Kostelní Hlavno
29477;Meèeøí
29478;Dolní Slivno
29479;Horní Slivno
29501;Bílá Hlína
30100;Plzeò
31200;Plzeò
31600;Plzeò
31800;Plzeò
32100;Plzeò
32200;Plzeò
32300;Plzeò
32600;Plzeò
33001;Kyšice
33002;Dıšina
33003;Chrást
33005;Dobøíè
33007;Druztová
33008;Zruè-Senec
33011;Èeská Bøíza
33012;Horní Bøíza
33013;Krašovice
33014;Ledce
33016;Všeruby
33017;Chotíkov
33021;Línì
33022;Zbùch
33023;Pøehıšov
33024;Heømanova Hu
33025;Blatnice
33026;Tluèná
33027;Vejprnice
33032;Bdenìves
33033;Èeminy
33035;Všeruby
33036;Pernarec
33038;Blaim
33040;Úterı
33041;Bezvìrov
33101;Plasy
33141;Bílov
33144;Kolany
33151;Dobøíè
33152;Buèí
33162;Manìtín
33165;Tis u Blatna
33201;Lhùta
33202;Starı Plzenec
33203;Šáhlavy
33204;Chlum
33205;Chválenice
33207;Støíovice
33209;Èiice
33211;Hradec
33214;Chotìšov
33301;Honezovice
33401;Biøkov
33441;Dobøany
33442;Chlumèany
33443;Dnešice
33444;Dolní Lukavice
33452;Buková
33453;Roupov
33454;Luany
33455;Horšice
33501;Mileè
33503;Nepomuk
33541;Vrèeò
33543;Mladı Smolivec
33544;Hradištì
33546;Oselce
33547;Nekvasovy
33551;Mìcholupy
33554;inkovy
33555;Neurazy
33561;Borovno
33563;Èíkov
33564;Èíkov
33601;Blovice
33701;Rokycany
33801;Holoubkov
33805;Mıto
33806;Cheznovice
33808;Terešov
33821;Osek
33822;Svojkovice
33824;Bezdìkov
33828;Chomle
33841;Klabava
33842;Hrádek
33843;Kakejcov
33844;Dobøív
33845;Strašice
33901;Dolany
34004;elezná Ruda
34012;Kbel
34021;Bìhaøov
34022;Nırsko
34034;Plánice
34101;Horaïovice
34142;Kolinec
34192;Kašperské Hory
34201;Sušice
34401;Babylon
34501;Mrákov
34502;Kout na Šumavì
34506;Kdynì
34507;Všeruby
34509;Pocinovice
34521;Meclov
34522;Drahotín
34525;Hostouò
34526;Bìlá nad Radbuzou
34532;Èeská Kubice
34533;Chodov
34534;Klenèí pod Èerchovem
34535;Postøekov
34543;Chocomyšl
34545;Blíejov
34561;Èermná
34562;Bukovec
34601;Horšovskı Tın
34701;Tachov
34801;Èástkov
34802;Strá
34806;Tøemešné
34813;Chodová Planá
34815;Bor
34901;Benešovice
34952;Cebiv
34953;Bezdruice
34958;Èernošín
34961;Kladruby
35002;Františkovy Láznì
35101;Františkovy Láznì
35124;Hranice
35131;Libá
35132;Hazlov
35134;Novı Kostel
35135;Plesná
35137;Luby
35201;Aš
35301;Teplá
35491;Láznì Kynvart
35493;Dolní andov
35601;Bøezová
35604;Dolní Rychnov
35701;Rotava
35703;Svatava
35707;Oloví
35708;Krajková
35709;Krajková
35731;Horní Slavkov
35733;Loket
35734;Nové Sedlo
35735;Chodov
35751;Kynšperk nad Ohøí
35755;Bukovany
35801;Bublava
36001;Sadov
36004;Karlovy Vary
36005;Karlovy Vary
36006;Karlovy Vary
36007;Karlovy Vary
36010;Karlovy Vary
36017;Karlovy Vary
36018;Karlovy Vary
36221;Nejdek
36222;Nejdek
36225;Boièany
36233;Hroznìtín
36234;Merklín
36235;Abertamy
36236;Pernink
36251;Ostrov
36262;Boí Dar
36263;Dalovice
36272;Doupovské Hradištì
36273;Vojkovice
36301;Strá nad Ohøí
36401;Touim
36452;Verušièky
36453;Vrbice
36461;Teplá
36464;Beèov nad Teplou
36471;Andìlská Hora
37001;Homole
37004;Èeské Budìjovice
37005;Èeské Budìjovice
37006;Borovnice
37007;Borovnice
37008;Èeské Budìjovice
37010;Èeské Budìjovice
37011;Èeské Budìjovice
37301;Temelín
37302;Všemyslice
37304;Chrášany
37305;Temelín
37311;Ledenice
37312;Borovany
37314;Komaøice
37315;Nová Ves
37316;Dobrá Voda u Èeskıch Budìjovic
37321;Slavèe
37322;Loèenice
37323;Svatı Jan nad Malší
37324;Øímov
37331;Olešnice
37332;Jílovice
37333;Nové Hrady
37335;Horní Stropnice
37336;Horní Stropnice
37341;Hluboká nad Vltavou
37343;Hluboká nad Vltavou
37344;Zliv
37346;Pištín
37347;Sedlec
37348;Dívèice
37349;Mydlovary
37350;Olešník
37351;Døíteò
37361;Hosín
37362;Chotıèany
37363;Mazelov
37364;Bošilec
37365;Bošilec
37366;imutice
37367;Borek
37371;Adamov
37372;Lišov
37373;Lišov
37381;Kamennı Újezd
37382;Boršov nad Vltavou
37384;Branišov
37401;Horní Stropnice
37501;Beèice
37701;Jindøichùv Hradec
37801;Lásenice
37802;Strá nad Neárkou
37803;Majdalena
37804;Chlum u Tøebonì
37806;Suchdol nad Lunicí
37807;Rapšach
37808;Dvory nad Lunicí
37809;Nová Ves nad Lunicí
37810;Èeské Velenice
37816;Lomnice nad Lunicí
37817;Novosedly nad Neárkou
37818;Pístina
37821;Drunèe
37824;Pluhùv ïár
37825;Deštná
37826;Lodhéøov
37831;Horní Pìna
37832;Èímìø
37833;Nová Bystøice
37841;Jarošov nad Neárkou
37842;Bednárec
37843;Horní Radouò
37846;Roseè
37852;Blaejov
37853;Boøetín
37855;Popelín
37856;Jilem
37861;Èlunek
37862;Kunak
37871;Staré Hobzí
37872;Píseèné
37873;Dešná
37881;Dešná
37882;Staré Mìsto pod Landštejnem
37883;Èeskı Rudolec
37891;Budíškovice
37892;Budeè
37901;Tøeboò
38001;Báòovice
38101;Bohdalovice
38201;Dolní Tøebonín
38202;Zlatá Koruna
38203;Køeme
38206;Brloh
38208;Boletice
38211;Vìtøní
38216;Svìtlík
38218;Romberk nad Vltavou
38221;Kájov
38222;Hoøice na Šumavì
38223;Èerná v Pošumaví
38226;Èerná v Pošumaví
38229;Polná na Šumavì
38232;Velešín
38241;Malonty
38242;Støíte
38272;Dolní Dvoøištì
38273;Vyšší Brod
38276;Louèovice
38278;Lipno nad Vltavou
38279;Frymburk
38281;Besednice
38282;Benešov nad Èernou
38283;Pohorská Ves
38291;Malonty
38292;Romitál na Šumavì
38293;Horní Dvoøištì
38301;Záblatí
38401;Nebahovy
38402;Lhenice
38403;Ktiš
38404;Chroboly
38411;Babice
38421;Husinec
38422;Bušanovice
38425;Dub
38426;Strunkovice nad Blanicí
38427;Vitìjovice
38432;Laištì
38433;Záblatí
38441;Zbytiny
38442;Lenora
38443;Stránı
38444;Stoec
38451;Nová Pec
38462;Nová Pec
38471;Buk
38472;Zdíkov
38473;Vacov
38481;Bohumilice
38486;Vacov
38491;Horní Vltavice
38492;Borová Lada
38493;Kvilda
38501;Vimperk
38601;Pøešovice
38701;Volynì
38706;Malenice
38711;Katovice
38715;Støelské Hoštice
38716;Hoslovice
38719;Èestice
38731;Radomyšl
38732;Sedlice
38733;Kadov
38734;Záboøí
38735;Doubravice
38736;Meèichov
38737;Tøebohostice
38742;Hornosín
38743;Bìlèice
38751;Štìkeò
38752;Cehnice
38756;Èepøovice
38771;Èíèenice
38772;Libìjovice
38773;Bavorov
38775;Skoèice
38801;Bezdìdovice
38901;Drahonice
39001;Tábor
39002;Tábor
39003;Tábor
39005;Tábor
39101;Planá nad Lunicí
39102;Planá nad Lunicí
39111;Planá nad Lunicí
39116;Myslkovice
39117;Košice
39118;Choustník
39120;Radenín
39121;Turovec
39126;Tuèapy
39127;Dírná
39131;Balkova Lhota
39132;Jistebnice
39133;Jistebnice
39135;Borotín
39136;Sudomìøice u Tábora
39137;Chotoviny
39142;Ratiboøské Hory
39143;Bìleè
39152;Smilovy Hory
39153;Vodice
39155;Vodice
39156;Tábor
39161;Stádlec
39162;Stádlec
39165;Bechynì
39171;Bøeznice
39172;Sudomìøice u Bechynì
39173;Hlavatce
39174;eleè
39175;Beèice
39176;Slapy
39181;Borkovice
39201;Košice
39301;Bácovice
39401;Rynárec
39403;Horní Cerekev
39404;Novı Rychnov
39405;Vyskytná
39409;Kojèice
39411;Cetoraz
39412;Obrataò
39413;Kámen
39414;Leskovice
39415;Nová Cerekev
39421;Hoøepník
39422;Buøenice
39424;Køešín
39426;Lukavec
39427;Vyklantice
39428;Velká Chyška
39443;Mladé Bøíštì
39444;eliv
39445;Køelovice
39446;Èervená Øeèice
39451;Kalištì
39452;Kejlice
39456;Senoaty
39459;Koberovice
39461;Boejov
39462;Libkova Voda
39463;Èastrov
39464;Poèátky
39468;irovnice
39470;Kamenice nad Lipou
39491;Bohdalín
39492;Mnich
39493;Mnich
39494;Èernovice
39495;Køeè
39496;Tìmice
39501;Arneštovice
39601;eliv
39701;Èíová
39801;Mirotice
39804;Mirovice
39806;Horosedly
39807;Orlík nad Vltavou
39811;Skály
39815;Tálín
39816;Albrechtice nad Vltavou
39817;Albrechtice nad Vltavou
39818;Záhoøí
39819;Kluky
39821;Kestøany
39822;Raice
39831;Èíová
39832;Vrá
39833;Ostrovec
39834;Kuèeø
39835;Oslov
39842;Veselíèko
39843;Bernartice
39847;Slabèice
39848;Jetìtice
39851;Boetice
39852;Nadìjkov
39853;Chyšky
39855;Kováøov
39858;Kostelec nad Vltavou
39859;Hrejkovice
39901;Nadìjkov
40001;Ústí nad Labem
40002;Velké Chvojno
40003;Ústí nad Labem
40004;Trmice
40007;Ústí nad Labem
40010;Ústí nad Labem
40011;Ústí nad Labem
40301;Dolní Zálezly
40302;Ústí nad Labem
40313;Øehlovice
40317;Chabaøovice
40321;Ústí nad Labem
40322;Ústí nad Labem
40323;Velké Bøezno
40327;Maleèov
40331;Ústí nad Labem
40332;Povrly
40334;Velké Chvojno
40335;Libouchec
40336;Tisá
40337;Petrovice
40338;Telnice
40339;Chlumec
40340;Ústí nad Labem
40502;Dìèín
40505;Dìèín
40701;Jílové
40702;Jílové
40703;Malšovice
40711;Dìèín
40713;Kámen
40714;Arnoltice
40715;Srbská Kamenice
40716;Jetøichovice
40717;Høensko
40721;Èeská Kamenice
40722;Benešov nad Plouènicí
40723;Františkov nad Plouènicí
40724;Valkeøice
40725;Verneøice
40729;Velká Bukovina
40741;Dobrná
40742;Markvartice
40744;Chøibská
40745;Kytlice
40746;Krásná Lípa
40747;Krásná Lípa
40751;Rybništì
40752;Varnsdorf
40753;Jiøíkov
40755;Dolní Podluí
40756;Jiøetín pod Jedlovou
40757;Horní Podluí
40760;Staré Køeèany
40761;Staré Køeèany
40777;Šluknov
40778;Velkı Šenov
40779;Mikulášovice
40780;Vilémov
40781;Lipová
40782;Dolní Poustevna
40784;Lobendava
40801;Jiøetín pod Jedlovou
41002;Velemín
41101;Píšany
41103;Libochovany
41108;Štìtí
41111;Sulejovice
41112;Èíkovice
41113;Tøebenice
41114;Vlastislav
41115;Tøebívlice
41116;Klapı
41117;Libochovice
41118;Budynì nad Ohøí
41119;Mšené-láznì
41120;Mšené-láznì
41121;Vrbièany
41131;Velemín
41132;Velemín
41133;Prackovice nad Labem
41141;itenice
41142;Ploskovice
41145;Úštìk
41146;Libìšice
41147;Polepy
41148;Køešice
41155;Terezín
41156;Bohušovice nad Ohøí
41162;Snìdovice
41164;Vrbice
41171;Chodouny
41172;Hoštka
41173;Štìtí
41174;Snìdovice
41181;Brozany nad Ohøí
41182;Doksany
41183;Hrobce
41184;Straškov-Vodochody
41185;Horní Beøkovice
41186;Bechlín
41187;Krabèice
41201;Bròany
41301;Budynì nad Ohøí
41501;Boøislav
41503;Teplice
41510;Teplice
41701;Dubí
41702;Dubí
41703;Dubí
41704;Hrob
41705;Osek
41712;Proboštov
41713;Modlany
41722;Háj u Duchcova
41723;Košany
41724;Jeníkov
41725;Lahoš
41731;Novosedlice
41741;Krupka
41742;Krupka
41752;Hostomice
41753;Svìtec
41754;Kostomlaty pod Milešovkou
41757;Hrobèice
41761;Bystøany
41762;Rtynì nad Bílinou
41763;alany
41765;Ohníè
41771;Zabrušany
41772;Ledvice
41781;Moldava
41801;Bílina
41804;Hrobèice
41901;Duchcov
43001;Blatno
43003;Chomutov
43004;Chomutov
43101;Spoøice
43102;Málkov
43111;Jirkov
43114;Strupèice
43115;Vrskmaò
43121;Boleboø
43132;Kalek
43141;Údlice
43143;Hrušovany
43144;Droukovice
43145;Bøezno
43151;Perštejn
43153;Pìtipsy
43154;Vilémov
43155;Radonice
43156;Mašov
43157;Chbany
43158;Místo
43159;Vysoká Pec
43163;Perštejn
43182;Hora Svatého Šebestiána
43183;Vısluní
43184;Mìdìnec
43186;Kováøská
43191;Kryštofovy Hamry
43201;Vilémov
43401;Bìlušice
43501;Havraò
43502;Most
43511;Lom
43513;Meziboøí
43521;Obrnice
43522;Braòany
43524;Luice
43526;Beèov
43532;Mariánské Radèice
43533;Louka u Litvínova
43542;Litvínov
43543;Horní Jiøetín
43545;Nová Ves v Horách
43546;Hora Svaté Kateøiny
43547;Brandov
43601;Èeskı Jiøetín
43603;Litvínov
43801;atec
43901;Èernèice
43902;Cítoliby
43903;Chlumèany
43904;Høíškov
43905;Panenskı Tınec
43906;Vrbno nad Lesy
43907;Peruc
43908;Peruc
43909;Slavìtín
43914;Smolnice
43915;Vinaøice
43921;Koštice
43922;Choov
43923;Lenešice
43924;Raná
43926;Libèeves
43931;Mìcholupy
43942;Postoloprty
43949;Staòkovice
43963;Libìšice
43965;Høivice
43967;Roèov
43968;Domoušice
43969;Tuchoøice
43971;Nepomyšl
43972;Krásnı Dvùr
43975;Liboèany
43981;Kryry
43982;Vroutek
43983;Lubenec
43984;Blatno
43985;Petrohrad
43986;Kryry
43987;Oèihov
43988;Blšany
44001;Høíškov
44101;Petrohrad
46001;Liberec
46005;Liberec
46006;Liberec
46007;Liberec
46008;Liberec
46010;Liberec
46014;Liberec
46015;Liberec
46303;Strá nad Nisou
46311;Liberec
46312;Dlouhı Most
46331;Frıdlant
46334;Chotynì
46342;Frıdštejn
46343;Bílá
46344;Pìnèín
46345;Pìnèín
46346;Pøíšovice
46348;Všelibice
46352;Oseèná
46353;Rynoltice
46362;Bílı Potok
46365;Jindøichovice pod Smrkem
46373;Višòová
46401;Bulovka
46601;Jablonec nad Nisou
46602;Jablonec nad Nisou
46604;Jablonec nad Nisou
46605;Jablonec nad Nisou
46606;Jablonec nad Nisou
46801;Jablonec nad Nisou
46802;Dalešice
46803;Rádlo
46804;Jablonec nad Nisou
46811;Janov nad Nisou
46812;Bedøichov
46821;Pìnèín
46822;Koberovy
46824;Drkov
46825;Zásada
46826;Pìnèín
46827;Nová Ves nad Nisou
46833;Jenišovice
46841;Tanvald
46843;Albrechtice v Jizerskıch horách
46844;Josefùv Dùl
46845;Velké Hamry
46846;Plavy
46847;Zlatá Olešnice
46848;Koøenov
46849;Koøenov
46850;Koøenov
46851;Smrovka
46861;Desná
46871;Luèany nad Nisou
47001;Strunice
47002;Bohatice
47006;Èeská Lípa
47101;Zahrádky
47102;Kravaøe
47103;Kravaøe
47104;Blíevedly
47105;andov
47106;Horní Police
47107;andov
47108;Strunice
47111;Horní Libchava
47112;Volfartice
47113;Novı Oldøichov
47114;Kamenickı Šenov
47115;Prysk
47116;Polevsko
47117;Skalice u Èeské Lípy
47118;Novı Bor
47121;Èeská Lípa
47123;Zákupy
47124;Ralsko
47125;Jablonné v Podještìdí
47126;Dubnice
47127;Strá pod Ralskem
47128;Hamr na Jezeøe
47129;Brništì
47141;Dubá
47151;Svor
47152;Sloup v Èechách
47153;Svojkov
47154;Cvikov
47155;Kunratice u Cvikova
47156;Maøenice
47157;Maøenice
47158;Cvikov
47161;Jestøebí
47162;Okna
47163;Doksy
47167;Provodín
47201;Blatce
47301;Novı Bor
50002;Hradec Králové
50003;Èernilov
50004;Hradec Králové
50006;Hradec Králové
50008;Hradec Králové
50009;Hradec Králové
50011;Hradec Králové
50012;Hradec Králové
50301;Hradec Králové
50302;Lochenice
50303;Benátky
50304;Èernoice
50305;Luany
50306;Hoøinìves
50311;Hradec Králové
50312;Všestary
50313;Dohalice
50314;Straèov
50315;Boharynì
50316;Dolní Pøím
50321;Stìery
50322;Libèany
50323;Boharynì
50324;Kratonohy
50325;Dobøenice
50326;Osice
50327;Lhota pod Libèany
50331;Vysoká nad Labem
50332;Hradec Králové
50333;Praskaèka
50341;Hradec Králové
50343;Èernilov
50344;Libøice
50346;Bìleè nad Orlicí
50351;Babice
50352;Skøivany
50353;Smidary
50354;Ohnišany
50355;Petrovice
50356;Hlušice
50357;Starı Bydov
50361;Lovèice
50362;Luec nad Cidlinou
50363;Nepolisy
50364;Mìník
50365;Kosièky
50366;Káranice
50401;Barchov
50601;Mladìjov
50702;eretice
50703;eretice
50704;Tøtìnice
50705;Konecchlumí
50706;Luany
50707;Úlibice
50711;Valdice
50712;Radim
50713;Bradlecká Lhota
50715;Libuò
50721;Veliš
50722;Støevaè
50723;Baèalky
50724;Dìtenice
50731;Jièínìves
50732;Bìchary
50733;Jièínìves
50734;lunice
50742;Markvartice
50743;Sobotka
50744;Libošovice
50745;Újezd pod Troskami
50752;Ostromìø
50753;Chomutice
50754;Podhorní Újezd a Vojice
50758;Mlázovice
50759;Šárovcova Lhota
50771;Borek
50773;Dobrá Voda u Hoøic
50777;Cerekvice nad Bystøicí
50781;Láznì Bìlohrad
50782;Pecka
50791;Stará Paka
50792;Úbislavice
50801;Bašnice
50901;Stará Paka
51101;Mírová pod Kozákovem
51201;Slaná
51202;Košálov
51203;Libštát
51204;Møíèná
51206;Benešov u Semil
51211;Vysoké nad Jizerou
51212;Jesennı
51213;Bozkov
51231;Roztoky u Jilemnice
51232;Martinice v Krkonoších
51233;Studenec
51234;Horka u Staré Paky
51235;Èistá u Horek
51236;Horní Branná
51237;Benecko
51238;Vítkovice
51241;Víchová nad Jizerou
51242;Poniklá
51243;Jablonec nad Jizerou
51244;Rokytnice nad Jizerou
51245;Rokytnice nad Jizerou
51246;Harrachov
51247;Paseky nad Jizerou
51251;Struinec
51252;Veselá
51253;Tatobity
51261;Pøepeøe
51263;Veselá
51264;Vyskeø
51265;Všeò
51271;Nová Ves nad Popelkou
51301;Semily
51401;Bìlá
51601;Liberk
51603;Lukavice
51701;Solnice
51702;Kvasiny
51703;Skuhrov nad Bìlou
51704;Èerníkovice
51711;Javornice
51712;Liberk
51721;ïár nad Orlicí
51722;Albrechtice nad Orlicí
51723;ïár nad Orlicí
51724;Borohrádek
51725;Èermná nad Orlicí
51731;Bolehoš
51732;Pøepychy
51733;Trnov
51734;Vodìrady
51735;Lièno
51736;Olešnice
51741;Borovnice
51742;Doudleby nad Orlicí
51743;Potštejn
51745;Chleny
51750;Èastolovice
51754;Vamberk
51755;Rybná nad Zdobnicí
51756;Slatina nad Zdobnicí
51757;Pìèín
51761;Bartošovice v Orlickıch horách
51764;Orlické Záhoøí
51771;Èeské Meziøíèí
51772;Jílovice
51773;Opoèno
51783;Olešnice v Orlickıch horách
51784;Ohnišov
51791;Deštné v Orlickıch horách
51792;Kounov
51793;Dobré
51801;Baèetín
51803;Podbøezí
53002;Barchov
53003;Pardubice
53006;Pardubice
53009;Pardubice
53012;Pardubice
53301;Pardubice
53303;Dašice
53304;Rokytno
53305;Døíteè
53311;Zdechovice
53312;Chvaletice
53313;Øeèany nad Labem
53314;Kladruby nad Labem
53315;Hlaveèník
53316;Kladruby nad Labem
53321;Vysoké Chvojno
53322;Bıš
53332;Èepí
53333;Pardubice
53341;Bukovka
53342;ivanice
53343;Rohovládova Bìlá
53344;Staré dánice
53345;Èeperka
53351;Pardubice
53352;Staré Hradištì
53353;Pardubice
53354;Rybitví
53361;Choltice
53362;Svojšice
53363;Turkovice
53364;Lipoltice
53371;Dolní Roveò
53372;Moravany
53373;Uhersko
53374;Horní Jelení
53375;Dolní Øedice
53401;Bıš
53501;Brloh
53701;Chrudim
53703;Chrudim
53705;Chrudim
53801;Bylany
53802;Morašice
53803;Podhoøany u Ronova
53804;Prachovice
53805;Seè
53807;Seè
53821;umberk
53823;Liciboøice
53824;Svídnice
53825;Miøetice
53826;Bojanov
53831;Chrudim
53832;Úhøetice
53833;Trojovice
53834;Rosice
53835;Zajeèice
53836;umberk
53841;Podhoøany u Ronova
53842;Ronov nad Doubravou
53843;Biskupice
53845;Bìstvina
53851;Bítovany
53854;Lue
53861;Koèí
53862;Hrochùv Tınec
53863;Rosice
53864;Jenišovice
53865;Øepníky
53901;Hlinsko
53941;Kamenièky
53942;Svratouch
53943;Krouna
53944;Bor u Skutèe
53945;Nové Hrady
53952;Trhová Kamenice
53953;Horní Bradlo
53955;Miøetice
53956;Vrbatùv Kostelec
53957;Vèelákov
53961;Vortová
53962;Hlinsko
53971;Holetín
53972;Raná
53973;Skuteè
53974;Pøedhradí
53976;Prosetín
54101;Trutnov
54102;Trutnov
54103;Trutnov
54201;acléø
54203;Královec
54204;Bernartice
54211;Chvaleè
54212;Radvanice
54213;Jívka
54221;Pec pod Snìkou
54223;Mladé Buky
54224;Mladé Buky
54225;Janské Láznì
54226;Horní Maršov
54227;Malá Úpa
54232;Trutnov
54233;Havlovice
54234;Batòovice
54235;Velké Svatoòovice
54236;Libòatov
54237;Batòovice
54242;Pilníkov
54301;Vrchlabí
54302;Vrchlabí
54303;Vrchlabí
54341;Dolní Lánov
54342;Dolní Dvùr
54344;Èernı Dùl
54351;Špindlerùv Mlın
54352;Stráné
54361;Kunèice nad Labem
54362;Dolní Branná
54371;Èermná
54372;Rudník
54373;Proseèné
54374;Dolní Kalná
54375;Dolní Olešnice
54376;Chotìvice
54377;Èermná
54401;Vítìzná
54404;Dvùr Králové nad Labem
54442;Choustníkovo Hradištì
54443;Kuks
54451;Doubravice
54452;Bílé Polièany
54454;Velkı Vøešov
54455;Dubenec
54461;Nemojov
54462;Vítìzná
54464;Kocbeøe
54466;Hajnice
54472;Bílá Tøemešná
54474;Horní Brusnice
54475;Borovnièka
54477;Borovnice
54701;Náchod
54901;Slavoòov
54906;Bohuslavice
54907;Nahoøany
54908;Provodov-Šonov
54911;Dolní Radechová
54912;Vysokov
54921;Èeská Èermná
54922;Novı Hrádek
54923;Mezilesí
54931;Machov
54932;Velké Poøíèí
54934;Hronov
54936;Stárkov
54937;Vysoká Srbská
54941;Èervenı Kostelec
54946;Horní Radechová
54947;Slatina nad Úpou
54948;Studnice
54952;Adršpach
54954;Bezdìkov nad Metují
54955;ïár nad Metují
54956;Èeská Metuje
54957;Teplice nad Metují
54962;Suchı Dùl
54963;Machov
54964;Bezdìkov nad Metují
54971;Šonov
54972;Otovice
54973;Martínkovice
54974;Boanov
54981;Mezimìstí
54982;Vernéøovice
54983;Mezimìstí
54984;Heømánkovice
55001;Broumov
55101;Jaromìø
55102;Jaromìø
55203;Dolany
55204;Chvalkovice
55205;Brzice
55211;Velichovky
55212;Heømanice
55221;Rasošky
55222;Jasenná
55224;Velká Jesenice
55225;Rychnovek
56002;Èeská Tøebová
56101;Hnátnice
56102;Dolní Dobrouè
56112;Brandıs nad Orlicí
56113;Sudslava
56114;Èeské Libchavy
56115;Sopotnice
56116;Libchavy
56117;Dlouhá Tøebová
56118;Nìmèice
56122;Ostrov
56123;Damníkov
56124;Tøebovice
56125;Rudoltice
56131;Tatenice
56132;Cotkytle
56133;Horní Heømanice
56134;Vıprachtice
56141;Øetová
56151;Letohrad
56152;Vermìøovice
56153;Dolní Èermná
56154;Bystøec
56155;Orlièky
56156;Horní Èermná
56161;Èervená Voda
56162;Èervená Voda
56163;Nekoø
56164;Studené
56165;Jamné nad Orlicí
56166;Tìchonín
56167;Mladkov
56168;Lichkov
56169;Èervená Voda
56170;Píseèná
56181;Kunvald
56182;Klášterec nad Orlicí
56184;Líšnice
56185;Èeská Rybná
56186;Záchlumí
56201;Ústí nad Orlicí
56203;Ústí nad Orlicí
56204;Ústí nad Orlicí
56206;Ústí nad Orlicí
56301;Albrechtice
56401;Kunvald
56501;Bìstovice
56542;Vraclav
56543;Zámrsk
56544;Sruby
56552;Èeské Heømanice
56553;Sloupnice
56555;Hrušová
56601;Èeské Heømanice
56802;Banín
56901;Hradec nad Svitavou
56902;Bøezová nad Svitavou
56903;Rozhraní
56904;Bohuòov
56905;Bìlá nad Svitavou
56906;Vítìjeves
56907;Radimìø
56911;Koclíøov
56912;Opatov
56914;Vendolí
56921;Moravská Tøebová
56922;Køenov
56923;Bøezina
56924;Kunèina
56932;Staré Mìsto
56933;Tøebaøov
56934;Rychnov na Moravì
56935;Mladìjov na Moravì
56941;Mìsteèko Trnávka
56942;Chornice
56943;Bìlá u Jevíèka
56944;Jaromìøice
56951;Morašice
56953;Cerekvice nad Louènou
56955;Janov
56956;Èistá
56957;Èistá
56961;Dolní Újezd
56962;Sebranice
56963;Lubná
56965;Budislav
56966;Jarošov
56967;Litomyšl
56971;Pomezí
56972;Rohozná
56973;Svojanov
56974;Trpín
56982;Borová
56991;Jedlová
56992;Bystré
56993;Korouhev
56994;Telecí
57001;Benátky
57101;Staré Mìsto
57201;Bøeziny
58001;Okrouhlice
58221;Pohled
58222;Pøibyslav
58223;Havlíèkova Borová
58224;Oudoleò
58231;Okrouhlice
58232;Lipnice nad Sázavou
58233;Dolní Mìsto
58234;Krásná Hora
58235;Luèice
58241;Olešná
58242;Kámen
58243;Tis
58244;Sázavka
58245;Uhelná Pøíbram
58251;Šlapanov
58252;Polná
58253;Lípa
58254;Úsobí
58255;Boòkov
58256;Vì
58257;Lípa
58261;Èeská Bìlá
58262;Sobíòov
58263;dírec nad Doubravou
58264;Podmoklany
58265;Slavíkov
58266;Krucemburk
58271;Dolní Krupá
58272;Rozsochatec
58273;Nová Ves u Chotìboøe
58274;Jeøišno
58276;Maleè
58277;Libice nad Doubravou
58281;Habry
58282;Borek
58283;Vilémov
58286;Leština u Svìtlé
58287;Èíhoš
58291;Baèkov
58292;Kamenná Lhota
58293;Kolí
58294;Hnìvkovice
58301;Libice nad Doubravou
58401;Bìlá
58601;Jihlava
58603;Malı Beranov
58801;Smrèná
58805;Boršov
58811;Støíte
58812;Dobronín
58813;Brzkov
58821;Velkı Beranov
58822;Bítovèice
58823;Kamenice
58824;Kamenice
58825;Jersín
58826;Zhoø
58827;Arnolec
58831;Puklice
58832;Brtnice
58833;Suchá
58834;Dlouhá Brtnice
58835;Cerekvièka-Rosice
58841;Bílı Kámen
58842;Ústí
58844;Rohozná
58845;Dolní Cerekev
58851;Batelov
58852;Horní Dubenky
58854;Mrákotín
58856;Bohuslavice
58861;Cejle
58862;Dyjice
58864;Krasonice
58865;Nová Øíše
58866;Rozseè
58867;Stará Øíše
58901;Pavlov
59101;Hamry nad Sázavou
59102;Cikháj
59201;Herálec
59202;Snìné
59203;Daòkovice
59204;Fryšava pod ákovou horou
59211;Sázava
59212;Níkov
59213;Bohdalov
59214;Bohdalov
59221;Karlov
59231;Nové Mìsto na Moravì
59232;Jámy
59233;Radešínská Svratka
59241;Daleèín
59242;Jimramov
59244;Vìcov
59245;Lísek
59251;Blakov
59252;Roná
59253;Dolní Libochová
59254;Moravec
59255;Bobrová
59256;Zvole
59257;Rozsochy
59261;Boraè
59262;Sejøek
59263;Štìpánov nad Svratkou
59264;Prosetín
59265;Chlum-Korouhvice
59266;Vír
59301;Bohuòov
59401;Baliny
59441;Uhøínov
59442;Blízkov
59444;Knìeves
59445;Ostrov nad Oslavou
59451;Køianov
59452;Oøechov
59453;Bøezí
59454;Køoví
59455;Kuøimské Jestøabí
59456;Kuøimská Nová Ves
59457;Vidonín
59458;Heømanov
59461;Bory
59501;Velká Bíteš
60200;Brno
60300;Brno
61200;Brno
61300;Brno
61400;Brno
61500;Brno
61600;Brno
61700;Brno
61800;Brno
61900;Brno
62000;Brno
62100;Brno
62300;Brno
62400;Brno
62500;Brno
62700;Brno
62800;Brno
63400;Brno
63500;Brno
63600;Brno
63700;Brno
63800;Brno
63900;Brno
64100;Brno
64200;Brno
64300;Brno
64400;Brno
66401;Babice nad Svitavou
66402;Ochoz u Brna
66403;Podolí
66404;Mokrá-Horákov
66405;Jiøíkovice
66406;Kovalovice
66407;Pozoøice
66408;Blaovice
66411;Zbıšov
66412;Oslavany
66417;Omice
66423;Èebín
66424;Drásov
66431;Èeská
66432;Vranov
66434;Jinaèovice
66441;Omice
66442;Brno
66443;Hajany
66444;Oøechov
66446;Prštice
66447;Radostice
66448;Moravany
66449;Ostopovice
66451;Šlapanice
66452;Sokolnice
66453;Újezd u Brna
66454;Nesvaèilka
66455;Mìnín
66456;Bluèina
66457;Mìnín
66458;Prace
66459;Telnice
66461;Holasice
66462;Hrušovany u Brna
66463;Pøísnotice
66464;Dolní Kounice
66465;Malešovice
66466;Medlov
66467;Bratèice
66471;Braníškov
66475;Deblín
66481;Brno
66482;Øíèany
66483;Domašov
66484;Babice u Rosic
66488;Zbraslav
66491;Ivanèice
66501;Omice
66601;Bøezina
66602;Pøedklášteøí
66603;Hradèany
66701;Vojkovice
66902;Bezkov
66904;Znojmo
67101;Citonice
67102;Chvalatice
67103;Vranov nad Dyjí
67106;Starı Petøín
67107;Bítov
67110;Bítov
67122;Šatov
67124;Vrbovec
67125;Hodonice
67126;Dyjákovice
67127;Hrádek
67128;Znojmo
67129;Strachotice
67131;Únanov
67132;Plaveè
67133;Mikulovice
67134;Horní Dunajovice
67138;Višòové
67139;Bìhaøovice
67140;Tavíkovice
67142;Vémyslice
67151;Znojmo
67152;Hluboké Mašùvky
67153;Bojanovice
67154;Blanné
67155;Blíkovice
67156;Grešlové Mıto
67161;Bantice
67162;Oleksovice
67163;Lechovice
67164;Boice
67165;Bøeany
67167;Hrušovany nad Jevišovkou
67168;Hrabìtice
67169;Hevlín
67171;Hostìradice
67172;Miroslav
67173;Èermákovice
67175;Jezeøany-Maršovice
67176;Bohutice
67177;Branišovice
67178;Borotice
67181;Novı Šaldorf-Sedlešovice
67182;Dobšice
67201;Dobelice
67401;Tøebíè
67501;Èímìø
67502;Konìšín
67503;Budišov
67504;Hodov
67505;Bochovice
67506;Benetice
67507;Èechtín
67508;Kouty
67521;Bransouze
67522;Èechoèovice
67523;Kojetice
67524;Èáslavice
67525;Rokytnice nad Rokytnou
67526;eletava
67527;Brtnièka
67528;Opatov
67529;Knìice
67531;Chotìbudice
67532;Baèkovice
67533;Dešov
67534;Police
67541;Dìdice
67542;Budkov
67543;Domamil
67544;Babice
67545;Šebkovice
67550;Dukovany
67551;Blatnice
67552;Tøebenice
67553;Valeè
67554;Dalešice
67555;Baèice
67556;Dukovany
67557;Biskupice-Pulkov
67559;Radkovice u Hrotovic
67560;Mysliboøice
67571;Zahrádka
67573;Kralice nad Oslavou
67574;Bøezník
67575;Kladeruby nad Oslavou
67576;Hartvíkovice
67577;Kramolín
67578;Èikov
67579;Tasov
67602;Èastohostice
67801;Blansko
67901;Jabloòany
67902;Blansko
67903;Blansko
67904;Adamov
67905;Bøezina
67906;Jedovnice
67907;Kotvrdovice
67911;Doubravice nad Svitavou
67913;Holštejn
67914;Ostrov u Macochy
67915;Lipovec
67921;Boøitov
67922;Èerná Hora
67923;Bìleè
67924;Unín
67931;Sebranice
67932;Svitávka
67933;Vísky
67934;Knínice
67935;Šebetov
67936;Vanovice
67937;Borotín
67938;Cetkovice
67939;Úsobrno
67951;Nìmèice
67952;ïárná
67953;Benešov
67961;Letovice
67962;Køetín
67963;Velké Opatovice
67971;Bedøichov
67972;Kunštát
67973;Rozseè nad Kunštátem
67974;Crhov
67975;Èernovice
67976;Drnovice
68001;Boskovice
68201;Prusy-Boškùvky
68301;Rousínov
68303;Luleè
68304;Drnovice
68305;Raèice-Pístovice
68308;Nové Sady
68321;Drysice
68323;Ivanovice na Hané
68333;Brankovice
68335;Letonice
68341;Bohdalice-Pavlovice
68351;Holubice
68352;Hostìrádky-Rešov
68354;Bošovice
68401;Heršpice
68501;Bohaté Málkovice
68601;Uherské Hradištì
68603;Staré Mìsto
68604;Kunovice
68605;Uherské Hradištì
68606;Uherské Hradištì
68609;Uherské Hradištì
68703;Babice
68704;Jankovice
68705;Jalubí
68706;Modrá
68707;Tupesy
68708;Bøestek
68709;Boršice
68710;Zlechov
68711;Topolná
68712;Bílovice
68713;Bøezolupy
68722;Ostroská Nová Ves
68723;Ostroská Lhota
68724;Uherskı Ostroh
68725;Hluk
68731;Šumice
68732;Nezdenice
68733;Drslavice
68734;Uherskı Brod
68737;Oøechov
68738;Nedakonice
68741;Hostìjov
68742;Osvìtimany
68751;Nivnice
68752;Korytná
68753;Suchá Loz
68754;Bánov
68755;Bystøice pod Lopeníkem
68756;Pašovice
68761;Vlènov
68762;Dolní Nìmèí
68763;Boršice u Blatnice
68764;Horní Nìmèí
68765;Strání
68766;Strání
68767;Bøezová
68771;Bojkovice
68774;Lopeník
68801;Uherskı Brod
69002;Bøeclav
69003;Bøeclav
69006;Bøeclav
69101;Moravskı ikov
69102;Velké Bílovice
69103;Rakvice
69104;Pøítluky
69105;Zajeèí
69106;Velké Pavlovice
69107;Nìmèièky
69108;Boøetice
69109;Vrbice
69110;Kobylí
69111;Brumovice
69112;Boleradice
69121;Sedlec
69122;Pasohlávky
69123;Cvrèovice
69124;Pøibice
69125;Vranovice
69126;Pouzdøany
69127;Popice
69129;Dolní Vìstonice
69130;Vlasatice
69141;Bøeclav
69142;Valtice
69143;Hlohovec
69144;Lednice
69145;Podivín
69146;Bøeclav
69151;Lanhot
69152;Kostice
69153;Tvrdonice
69154;Tınec
69155;Moravská Nová Ves
69156;Hrušky
69162;Uherèice
69163;Velké Nìmèice
69164;Nosislav
69165;Køepice
69167;Šakvice
69168;Starovièky
69171;Diváky
69172;Klobouky u Brna
69173;Damboøice
69174;Velké Hostìrádky
69175;Borkovany
69176;Šitboøice
69181;Bøezí
69182;Novosedly
69183;Drnholec
69185;Dolní Dunajovice
69186;Perná
69188;Milovice
69189;Bulhary
69201;Bavory
69301;Horní Bojanovice
69501;Hodonín
69601;Rohatec
69602;Ratíškovice
69603;Dubòany
69604;Svatoboøice-Mistøín
69605;Milotice
69606;Vacenovice
69611;Mutìnice
69612;Hovorany
69613;Šardice
69614;Èejè
69615;Èejkovice
69616;Novı Poddvorov
69617;Dolní Bojanovice
69618;Luice
69619;Mikulèice
69621;Josefov
69631;Bukovany
69632;dánice
69633;Archlebov
69634;arošice
69635;Damboøice
69636;Násedlovice
69637;Nenkovice
69638;Stavìšice
69639;Lovèice
69641;Skoronice
69642;Vracov
69647;eravice
69648;Jeov
69649;Kelèany
69650;Hısly
69651;Èelonice
69655;Kyjov
69661;Vnorovy
69662;Stránice
69663;Hroznová Lhota
69664;Knìdub
69665;Petrov
69666;Sudomìøice
69667;Radìjov
69671;Blatnice pod Svatım Antonínkem
69672;Lipov
69673;Hrubá Vrbka
69674;Javorník
69676;Louka
69681;Bzenec
69683;Domanín
69684;Syrovín
69685;Bzenec
69701;Kyjov
69801;Veselí nad Moravou
70030;Ostrava
70200;Ostrava
70300;Ostrava
70800;Ostrava
70900;Ostrava
71000;Ostrava
71100;Ostrava
71200;Ostrava
71300;Ostrava
71500;Ostrava
71600;Ostrava
71700;Ostrava
71800;Ostrava
71900;Ostrava
72000;Ostrava
72100;Ostrava
72200;Ostrava
72300;Ostrava
72400;Ostrava
72525;Ostrava
72526;Ostrava
72527;Ostrava
72528;Ostrava
72529;Ostrava
73301;Karviná
73401;Karviná
73503;Karviná
73506;Karviná
73511;Orlová
73514;Orlová
73531;Bohumín
73532;Rychvald
73533;Doubrava
73534;Stonava
73535;Horní Suchá
73541;Petøvald
73542;Tìrlicko
73543;Albrechtice
73551;Bohumín
73552;Bohumín
73553;Dolní Lutynì
73561;Chotìbuz
73562;Èeskı Tìšín
73564;Havíøov
73571;Dìtmarovice
73572;Petrovice u Karviné
73581;Bohumín
73601;Havíøov
73701;Èeskı Tìšín
73801;Frıdek-Místek
73901;Baška
73904;Krásná
73911;Frıdlant nad Ostravicí
73912;Èeladná
73913;Kunèice pod Ondøejníkem
73914;Ostravice
73915;Bílá
73921;Paskov
73923;Stará Ves nad Ondøejnicí
73924;Krmelín
73925;Sviadnov
73932;Vratimov
73934;Ostrava
73936;Bruzovice
73937;Horní Bludovice
73938;Dolní Domaslavice
73939;Luèina
73941;Palkovice
73942;Frıdek-Místek
73943;Staøíè
73944;Brušperk
73945;Fryèovice
73946;Hukvaldy
73947;Kozlovice
73949;Metylovice
73951;Dobrá
73953;Dobratice
73955;Tøinec
73959;Støíte
73961;Tøinec
73981;Košaøiska
73984;Písek
73985;Bukovec
73991;Bocanovice
73992;Návsí
73994;Tøinec
73995;Bystøice
73997;Hrádek
73998;Hrèava
74101;Bernartice nad Odrou
74201;Suchdol nad Odrou
74213;Studénka
74221;Kopøivnice
74231;Starı Jièín
74233;Jeseník nad Odrou
74235;Odry
74236;Jakubèovice nad Odrou
74237;Spálov
74242;Šenov u Nového Jièína
74243;Pustìjov
74245;Fulnek
74247;Hladké ivotice
74251;Mošnov
74253;Kunín
74254;Bartošovice
74255;Albrechtièky
74256;Sedlnice
74257;Libhoš
74258;Fryèovice
74260;Petøvald
74265;Rybí
74266;Štramberk
74267;enklava
74271;Hodslavice
74272;Moøkov
74273;Veøovice
74274;Tichá
74275;Lichnov
74281;Bravantice
74282;Jistebník
74283;Klimkovice
74285;Klimkovice
74291;Velké Albrechtice
74292;Bílovec
74293;Slatina
74301;Bílov
74401;Bordovice
74601;Opava
74705;Opava
74706;Chvalíkovice
74707;Opava
74711;Kozmice
74714;Ludgeøovice
74715;Šilheøovice
74716;Ha
74717;Darkovice
74718;Píš
74719;Bohuslavice
74720;Vøesina
74721;Kravaøe
74722;Dolní Benešov
74723;Bìlá
74724;Chuchelná
74725;Rohov
74727;Kobeøice
74728;Štìpánkovice
74731;Chlebièov
74733;Oldøišov
74735;Hnìvošice
74741;Hradec nad Moravicí
74743;Vìtøkovice
74744;Bøezová
74745;Skøipov
74747;Vítkov
74751;Stìboøice
74752;Bratøíkovice
74753;Jakartovice
74754;Mladecko
74755;Jakartovice
74756;Dolní ivotice
74757;Slavkov
74761;Raduò
74762;Mokré Lazce
74763;Hrabynì
74764;Budišovice
74766;Dolní Lhota
74767;Hrabynì
74768;Kyjovice
74769;Hluboèec
74770;Opava
74771;Brumovice
74773;Opava
74774;Holasovice
74775;Velké Heraltice
74781;Otice
74782;Štáblovice
74784;Hradec nad Moravicí
74786;Kruberk
74787;Budišov nad Budišovkou
74791;Štítina
74792;Háj ve Slezsku
74794;Dìhylov
74795;Opava
74801;Hluèín
74901;Èermná ve Slezsku
75002;Beòov
75101;Tovaèov
75102;Troubky
75103;Brodek u Pøerova
75104;Rokytnice
75105;Kokory
75111;Hradèany
75114;Døevohostice
75115;Èechy
75116;Podolí
75117;Horní Moštìnice
75118;Øíkovice
75119;Vlkoš
75121;Buk
75122;Osek nad Beèvou
75123;Dolní Újezd
75124;Pøerov
75125;Lazníèky
75127;Pøerov
75131;Bohuslávky
75144;Polkovice
75201;Kojetín
75301;Olšovec
75352;Skalièka
75353;Bıškovice
75354;Bezuchov
75355;Paršovice
75356;Opatovice
75361;Hranice
75362;Potštát
75363;Støíte nad Ludinou
75364;Bìlotín
75366;Hustopeèe nad Beèvou
75367;Milotice nad Beèvou
75368;Èernotín
75501;Vsetín
75601;Hovìzí
75602;Huslenky
75603;Halenkov
75604;Novı Hrozenkov
75605;Karolinka
75606;Velké Karlovice
75607;Zdìchov
75611;Leskovec
75612;Horní Lideè
75614;Francova Lhota
75621;Kateøinice
75622;Hošálková
75623;Jablùnka
75624;Bystøièka
75625;Rùïka
75627;Malá Bystøice
75631;Liptál
75641;Lešná
75642;Chorynì
75643;Kelè
75644;Kunovice
75645;Branky
75651;Zašová
75652;Støíte nad Beèvou
75653;Vidèe
75654;Zašová
75655;Dolní Beèva
75656;Prostøední Beèva
75657;Horní Beèva
75661;Dolní Beèva
75662;Hutisko-Solanec
75663;Krhová
75701;Valašské Meziøíèí
76001;Bøeznice
76005;Zlín
76301;Hostišová
76302;Zlín
76307;Dobrkovice
76310;Hvozdná
76311;Zlín
76312;Bratøejov
76313;Jasenná
76314;Zlín
76315;Bøezová
76316;Fryšták
76317;Lukov
76318;Podkopná Lhota
76319;Drková
76321;Bohuslavice nad Vláøí
76323;Dolní Lhota
76324;Haluzice
76325;Drnovice
76326;Dolní Lhota
76331;Brumov-Bylnice
76332;Návojná
76333;Jestøabí
76334;Brumov-Bylnice
76341;Biskupice
76345;Bøezùvky
76351;Bohuslavice u Zlína
76361;Komárov
76362;Tlumaèov
76363;Halenkovice
76364;Spytihnìv
76502;Otrokovice
76601;Køekov
76701;Baøice-Velké Tìšany
76801;Jarohnìvice
76802;Cetechovice
76803;Roštín
76804;Støílky
76805;Koryèany
76811;Chropynì
76812;Rataje
76813;Honìtice
76821;Bìlov
76823;Bøest
76824;Hulín
76831;Zlobice
76832;Zborovice
76833;Døínov
76834;Paèlavice
76841;Bystøice pod Hostınem
76842;Prusinovice
76843;Kostelec u Holešova
76852;Kurovice
76861;Bystøice pod Hostınem
76871;Komárno
76872;Chvalèov
76875;Loukov
76901;Boøenovice
77900;Olomouc
78301;Olomouc
78305;Horní Lodìnice
78306;Domašov nad Bystøicí
78307;Mìsto Libavá
78313;Štìpánov
78314;Bohuòovice
78316;Bìlkovice-Lašany
78321;Bílá Lhota
78322;Bílsko
78324;Luká
78325;Bouzov
78332;Náklo
78333;Pøíkazy
78335;Olomouc
78336;Køelov-Bøuchotín
78342;Slatinice
78344;Drahanovice
78345;Senice na Hané
78346;Lubìnice
78347;Hnìvotín
78349;Lutín
78353;Velká Bystøice
78354;Pøáslavice
78355;Velkı Újezd
78356;Doloplazy
78357;Tršice
78361;Hluboèky
78365;Hluboèky
78372;Velkı Tınec
78373;Grygov
78375;Blatec
78383;Troubelice
78385;Šumvald
78386;Dlouhá Louèka
78391;Unièov
78396;Újezd
78397;Paseka
78401;Litovel
78501;Babice
78701;Bratrušov
78801;Oskava
78803;Novı Malín
78804;Hrabišín
78805;Libina
78811;Louèná nad Desnou
78813;Rapotín
78814;Petrov nad Desnou
78815;Velké Losiny
78816;Sobotín
78820;Dolní Studénky
78821;Kolšov
78823;Jindøichov
78825;Branná
78832;Staré Mìsto
78833;Hanušovice
78901;Dlouhomilov
78961;Bludov
78962;Bohutín
78963;Ruda nad Moravou
78964;Bohdíkov
78969;Postøelmov
78971;Leština
78972;Bohuslavice
78973;Úsov
78974;Rohle
78975;Brníèko
78982;Moravièany
78983;Loštice
78985;Mohelnice
78991;Štíty
79001;Bìlá pod Pradìdem
79051;Supíkovice
79052;Velké Kunìtice
79053;Stará Èervená Voda
79054;Èerná Voda
79055;Vidnava
79057;Bernartice
79058;Velká Kraš
79061;Lipová-láznì
79063;Lipová-láznì
79064;Vápenná
79065;Vlèice
79069;Bílá Voda
79070;Javorník
79081;Èeská Ves
79082;Píseèná
79084;Hradec-Nová Ves
79201;Bruntál
79302;Lomnice
79303;Dìtøichov nad Bystøicí
79305;Moravskı Beroun
79312;Horní Benešov
79315;Lichnov
79316;Èaková
79323;Karlovice
79324;Karlova Studánka
79326;Vrbno pod Pradìdem
79331;Andìlská Hora
79336;Malá Morávka
79342;Rımaøov
79344;Horní Mìsto
79351;Bøidlièná
79356;Ryovištì
79368;Bílèice
79371;Holèovice
79374;Heømanovice
79376;Zlaté Hory
79382;Tøemešná
79383;Jindøichov
79384;Janov
79391;Úvalno
79393;Brantice
79395;Mìsto Albrechtice
79397;Slezské Rudoltice
79399;Vysoká
79401;Bıkov-Láryšov
79501;Dolní Moravice
79601;Prostìjov
79603;Prostìjov
79604;Prostìjov
79607;Drovice
79802;Mostkovice
79803;Plumlov
79804;Alojzov
79805;Myslejovice
79806;Otaslavice
79807;Brodek u Prostìjova
79808;Vranovice-Kelèice
79809;Vøesovice
79811;Prostìjov
79812;Biskupice
79813;Vrbátky
79814;Olšany u Prostìjova
79816;Èelechovice na Hané
79817;Smrice
79821;Bedihoš
79823;Èelèice
79824;Pivín
79825;Dobromilice
79826;Doloplazy
79827;Vrchoslavice
79828;Moøice
79829;Koválovice-Osíèany
79830;Pavlovice u Kojetína
79841;Bílovice-Lutotín
79842;Lešany
79843;Ptení
79844;Straisko
79845;Lipová
79846;Brodek u Konice
79847;Horní Štìpánov
79848;Buková
79849;Malé Hradisko
79851;Pøemyslovice
79852;Bøezsko
79853;Dzbel
79854;Kladky
79855;Ludmírov
79856;Bohuslavice
79857;Laškov
79858;Èechy pod Kosíøem
79861;Rozstání
79862;Rozstání
